Num_Acc;catv;situ;adr;jour;mois;an;dep;lat;long;hrmn;atm;grav;sexe;an_nais;trajet;age
201900000478;1;1;RUE MARX DORMOY;24;10;2019;75;48.8881149;2.3598786;08:30;1;1;1;1969;4;50
201900000478;1;1;RUE MARX DORMOY;24;10;2019;75;48.8881149;2.3598786;08:30;1;4;2;1989;1;30
201900000480;1;1;RUE OLIVIER DE SERRES;24;10;2019;75;48.8361386;2.297221;19:55;1;1;1;1996;5;23
201900000480;1;1;RUE OLIVIER DE SERRES;24;10;2019;75;48.8361386;2.297221;19:55;1;4;1;1967;5;52
201900000483;1;1;PLACE SAINT AUGUSTIN;24;10;2019;75;48.8756728;2.3195863;20:10;1;4;2;1999;2;20
201900000558;1;1;BOULEVARD SAINT MARCEL;29;11;2019;75;48.8384763;2.3570239;19:26;1;4;1;1987;5;32
201900000558;1;1;BOULEVARD SAINT MARCEL;29;11;2019;75;48.8384763;2.3570239;19:26;1;1;1;1978;1;41
201900000569;1;1;RUE SAINT DENIS;29;11;2019;75;48.8667094;2.3512489;13:45;2;4;1;1991;5;28
201900000569;1;1;RUE SAINT DENIS;29;11;2019;75;48.8667094;2.3512489;13:45;2;1;1;1997;0;22
201900000669;1;1;ALLEE DE LONGCHAMP;27;11;2019;75;48.863709;2.2401166;06:20;1;1;1;1973;1;46
201900000669;1;1;ALLEE DE LONGCHAMP;27;11;2019;75;48.863709;2.2401166;06:20;1;4;1;1996;1;23
201900000670;1;1;RUE DE L ARRIVEE;28;11;2019;75;48.844185;2.322892;18:30;1;1;1;1956;4;63
201900000670;1;1;RUE DE L ARRIVEE;28;11;2019;75;48.844185;2.322892;18:30;1;1;1;1972;0;47
201900000670;1;1;RUE DE L ARRIVEE;28;11;2019;75;48.844185;2.322892;18:30;1;4;2;1987;0;32
201900000807;1;6;RUE DE TOLBIAC;20;9;2019;75;48.8259651;2.3531906;19:25;1;4;1;2001;2;18
201900000810;1;5;ROUTE ROYALE DE BEAUTE;20;9;2019;75;48.834114;2.443568;15:35;1;4;1;1945;5;74
201900000812;1;6;RUE DE ROME;20;9;2019;75;48.8771953;2.3230354;15:45;1;4;2;1992;5;27
201900000815;1;6;BOULEVARD DU PALAIS;20;9;2019;75;48.8552101;2.3458059;17:20;1;4;2;1964;1;55
201900000815;1;6;BOULEVARD DU PALAIS;20;9;2019;75;48.8552101;2.3458059;17:20;1;1;1;1995;9;24
201900001857;1;1;BOULEVARD NEY;23;10;2019;75;48.8986751;2.367013;17:10;8;4;1;1972;5;47
201900001857;1;1;BOULEVARD NEY;23;10;2019;75;48.8986751;2.367013;17:10;8;1;1;1959;4;60
201900001858;1;1;RUE MARCADET;23;10;2019;75;48.89121;2.3396426;16:00;2;1;2;1963;5;56
201900001858;1;1;RUE MARCADET;23;10;2019;75;48.89121;2.3396426;16:00;2;4;2;1968;5;51
201900001859;1;5;QUAI DE JEMMAPES;23;10;2019;75;48.8732275;2.364203;14:30;8;4;1;1966;5;53
201900001859;1;5;QUAI DE JEMMAPES;23;10;2019;75;48.8732275;2.364203;14:30;8;4;1;1985;4;34
201900001860;1;1;RUE MARX DORMOY;23;10;2019;75;48.88683;2.35969;10:38;8;1;1;1996;4;23
201900001860;1;1;RUE MARX DORMOY;23;10;2019;75;48.88683;2.35969;10:38;8;3;1;1995;0;24
201900001862;1;1;BOULEVARD DE COURCELLES;23;10;2019;75;48.8786745;2.3008495;17:00;1;4;1;1931;5;88
201900001869;1;1;AVENUE DU TRONE;23;10;2019;75;48.8481109;2.3974879;11:50;1;1;1;1950;0;69
201900001869;1;1;AVENUE DU TRONE;23;10;2019;75;48.8481109;2.3974879;11:50;1;4;1;2005;0;14
201900001870;1;5;RUE DE LANCRY;23;10;2019;75;48.869863;2.36073;18:30;1;1;1;1969;0;50
201900001870;1;5;RUE DE LANCRY;23;10;2019;75;48.869863;2.36073;18:30;1;4;2;1992;0;27
201900002028;1;6;RUE DE BELLEVILLE;27;11;2019;75;48.8745444;2.3866577;20:32;1;4;1;1988;4;31
201900002028;1;6;RUE DE BELLEVILLE;27;11;2019;75;48.8745444;2.3866577;20:32;1;4;2;1969;9;50
201900002352;1;1;AVENUE GAMBETTA;19;9;2019;75;48.86416;2.39223;18:50;1;4;1;1971;1;48
201900002363;1;1;PLACE DE LA PORTE DE SAINT CLOUD;18;9;2019;75;48.8375241;2.2567195;09:20;1;1;1;1966;1;53
201900002363;1;1;PLACE DE LA PORTE DE SAINT CLOUD;18;9;2019;75;48.8375241;2.2567195;09:20;1;4;2;1977;1;42
201900002365;1;1;AVENUE DE LA PORTE DE VINCENNES;19;9;2019;75;48.8470311;2.4114947;20:00;1;4;2;2005;5;14
201900002365;1;1;AVENUE DE LA PORTE DE VINCENNES;19;9;2019;75;48.8470311;2.4114947;20:00;1;1;2;1957;1;62
201900002369;1;4;BOULEVARD DE LA VILLETTE;19;9;2019;75;48.87481;2.373626;18:41;1;4;1;1942;3;77
201900002371;1;6;BOULEVARD DU PALAIS;19;9;2019;75;48.854347;2.344929;10:30;1;1;1;1988;4;31
201900002371;1;6;BOULEVARD DU PALAIS;19;9;2019;75;48.854347;2.344929;10:30;1;4;2;2002;0;17
201900003114;1;1;AVENUE LEON GAUMONT;22;10;2019;75;48.85102;2.41581;18:15;1;1;1;1900;0;119
201900003114;1;1;AVENUE LEON GAUMONT;22;10;2019;75;48.85102;2.41581;18:15;1;4;2;1976;0;43
201900003114;1;1;AVENUE LEON GAUMONT;22;10;2019;75;48.85102;2.41581;18:15;1;1;1;1900;0;119
201900003114;1;1;AVENUE LEON GAUMONT;22;10;2019;75;48.85102;2.41581;18:15;1;4;2;1976;0;43
201900003121;1;5;PLACE AUGUSTE BARON;22;10;2019;75;48.9001468;2.3873126;20:55;1;1;1;1981;0;38
201900003121;1;5;PLACE AUGUSTE BARON;22;10;2019;75;48.9001468;2.3873126;20:55;1;4;2;2000;0;19
201900003121;1;5;PLACE AUGUSTE BARON;22;10;2019;75;48.9001468;2.3873126;20:55;1;1;2;1973;0;46
201900003148;1;4;PLACE EDOUARD RENARD;22;10;2019;75;48.835358;2.4065948;11:30;1;4;2;1983;5;36
201900003150;1;5;BOULEVARD VOLTAIRE;22;10;2019;75;48.8569071;2.381618;18:20;1;4;1;1969;0;50
201900003152;1;1;RUE DE CHARONNE;22;10;2019;75;48.8535785;2.3804157;16:15;1;1;2;1972;1;47
201900003152;1;1;RUE DE CHARONNE;22;10;2019;75;48.8535785;2.3804157;16:15;1;4;1;2014;0;5
201900003155;1;1;BOULEVARD BRUNE;22;10;2019;75;48.8245899;2.319397;00:45;1;1;2;2003;0;16
201900003155;1;1;BOULEVARD BRUNE;22;10;2019;75;48.8245899;2.319397;00:45;1;1;2;1995;9;24
201900003155;1;1;BOULEVARD BRUNE;22;10;2019;75;48.8245899;2.319397;00:45;1;4;1;1990;0;29
201900003681;1;5;BOULEVARD VINCENT AURIOL;26;11;2019;75;48.8345773;2.367362;18:00;1;4;1;1970;1;49
201900003681;1;5;BOULEVARD VINCENT AURIOL;26;11;2019;75;48.8345773;2.367362;18:00;1;1;1;1973;1;46
201900003682;1;5;RUE CHARCOT;26;11;2019;75;48.8311376;2.3718955;08:45;8;4;2;1980;0;39
201900003682;1;5;RUE CHARCOT;26;11;2019;75;48.8311376;2.3718955;08:45;8;1;2;1975;1;44
201900003685;1;1;RUE DE LYON;25;11;2019;75;48.8514329;2.3699002;22:15;2;1;1;1971;4;48
201900003685;1;1;RUE DE LYON;25;11;2019;75;48.8514329;2.3699002;22:15;2;4;2;1999;5;20
201900003686;1;1;RUE DU CHEMIN VERT;26;11;2019;75;48.861858;2.3834096;19:00;8;1;1;1982;0;37
201900003686;1;1;RUE DU CHEMIN VERT;26;11;2019;75;48.861858;2.3834096;19:00;8;4;1;1975;0;44
201900003688;1;5;BOULEVARD DE SEBASTOPOL;26;11;2019;75;48.8595305;2.3487901;19:45;2;4;2;1977;1;42
201900003689;1;5;RUE DANIELLE CASANOVA;25;11;2019;75;48.8680848;2.33114;09:15;1;1;1;1989;1;30
201900003689;1;5;RUE DANIELLE CASANOVA;25;11;2019;75;48.8680848;2.33114;09:15;1;4;2;1965;1;54
201900003852;1;1;AVENUE DE LA REPUBLIQUE;20;9;2019;75;48.8660025;2.3706578;08:05;1;4;2;1988;1;31
201900003852;1;1;AVENUE DE LA REPUBLIQUE;20;9;2019;75;48.8660025;2.3706578;08:05;1;1;1;1960;4;59
201900003998;1;1;PLACE DU TROCADERO;18;9;2019;75;48.863301;2.286661;13:40;1;1;1;1971;1;48
201900003998;1;1;PLACE DU TROCADERO;18;9;2019;75;48.863301;2.286661;13:40;1;4;1;1969;1;50
201900004001;1;5;RUE MARMONTEL;18;9;2019;75;48.836752;2.299544;16:25;1;4;2;1957;0;62
201900004001;1;5;RUE MARMONTEL;18;9;2019;75;48.836752;2.299544;16:25;1;1;1;1992;9;27
201900004864;1;1;RUE DE LA CONVENTION;21;10;2019;75;48.8453443;2.278554;08:50;8;1;1;1981;4;38
201900004864;1;1;RUE DE LA CONVENTION;21;10;2019;75;48.8453443;2.278554;08:50;8;4;2;1960;5;59
201900004867;1;5;BOULEVARD DE LA CHAPELLE;21;10;2019;75;48.883729;2.351254;18:43;1;1;2;1987;1;32
201900004867;1;5;BOULEVARD DE LA CHAPELLE;21;10;2019;75;48.883729;2.351254;18:43;1;4;1;1942;0;77
201900005471;1;6;RUE DE L OURCQ;25;11;2019;75;48.8930387;2.3776844;20:00;1;1;2;1998;9;21
201900005471;1;6;RUE DE L OURCQ;25;11;2019;75;48.8930387;2.3776844;20:00;1;4;1;1988;9;31
201900006021;1;6;BOULEVARD SAINT GERMAIN;17;9;2019;75;48.8520937;2.3393228;19:00;1;1;1;1995;4;24
201900006021;1;6;BOULEVARD SAINT GERMAIN;17;9;2019;75;48.8520937;2.3393228;19:00;1;4;2;1996;5;23
201900006022;1;1;RUE DAVID D ANGERS;17;9;2019;75;48.881327;2.396689;08:15;1;1;1;1987;1;32
201900006022;1;1;RUE DAVID D ANGERS;17;9;2019;75;48.881327;2.396689;08:15;1;4;1;2006;2;13
201900006025;1;1;RUE DU LAOS;16;9;2019;75;48.849175;2.301287;08:35;1;4;2;1975;1;44
201900006025;1;1;RUE DU LAOS;16;9;2019;75;48.849175;2.301287;08:35;1;1;1;1971;4;48
201900006026;1;5;RUE VERCINGETORIX;17;9;2019;75;48.8312642;2.3090114;19:45;1;4;1;1985;5;34
201900006026;1;5;RUE VERCINGETORIX;17;9;2019;75;48.8312642;2.3090114;19:45;1;4;1;1977;1;42
201900006028;1;5;BOULEVARD DIDEROT;17;9;2019;75;48.847905;2.391538;16:35;1;3;1;1949;5;70
201900006030;1;1;RUE LA BOETIE;17;9;2019;75;48.871881;2.308411;06:31;1;1;1;1969;4;50
201900006030;1;1;RUE LA BOETIE;17;9;2019;75;48.871881;2.308411;06:31;1;4;1;1983;0;36
201900006639;1;1;RUE D ALESIA;20;10;2019;75;48.831975;2.3135625;11:30;2;4;1;1979;5;40
201900006641;1;1;QUAI DE BERCY;20;10;2019;75;48.8383652;2.3760779;03:14;1;1;1;1997;0;22
201900006641;1;1;QUAI DE BERCY;20;10;2019;75;48.8383652;2.3760779;03:14;1;1;1;1997;0;22
201900006641;1;1;QUAI DE BERCY;20;10;2019;75;48.8383652;2.3760779;03:14;1;1;1;1996;0;23
201900006641;1;1;QUAI DE BERCY;20;10;2019;75;48.8383652;2.3760779;03:14;1;4;1;1994;0;25
201900006645;1;5;BOULEVARD DE ROCHECHOUART;19;10;2019;75;48.8831798;2.3463485;21:10;2;4;1;1980;1;39
201900006645;1;5;BOULEVARD DE ROCHECHOUART;19;10;2019;75;48.8831798;2.3463485;21:10;2;1;1;1964;4;55
201900007205;1;1;ROUTE DE LA SEINE A LA BUTTE MORTEMART;24;11;2019;75;48.851771;2.23295;14:45;1;4;1;1943;5;76
201900007205;1;1;ROUTE DE LA SEINE A LA BUTTE MORTEMART;24;11;2019;75;48.851771;2.23295;14:45;1;1;1;1961;5;58
201900007205;1;1;ROUTE DE LA SEINE A LA BUTTE MORTEMART;24;11;2019;75;48.851771;2.23295;14:45;1;4;1;1943;5;76
201900007205;1;1;ROUTE DE LA SEINE A LA BUTTE MORTEMART;24;11;2019;75;48.851771;2.23295;14:45;1;1;1;1961;5;58
201900007213;1;5;RUE DE CLERY;23;11;2019;75;48.8689464;2.3494693;21:15;1;4;1;1994;4;25
201900007796;1;5;BOULEVARD PASTEUR;16;9;2019;75;48.8428714;2.3123891;09:45;1;4;1;1988;1;31
201900007796;1;5;BOULEVARD PASTEUR;16;9;2019;75;48.8428714;2.3123891;09:45;1;1;1;1978;4;41
201900007797;1;5;BOULEVARD RICHARD LENOIR;16;9;2019;75;48.8640025;2.3706871;18:20;1;4;2;1995;0;24
201900007797;1;5;BOULEVARD RICHARD LENOIR;16;9;2019;75;48.8640025;2.3706871;18:20;1;1;1;1996;5;23
201900007798;1;5;RUE LEON FROT;16;9;2019;75;48.854643;2.387543;13:25;1;4;2;1980;1;39
201900008238;1;5;RUE BEAUREPAIRE;19;10;2019;75;48.8693256;2.3633875;17:15;1;4;2;1950;5;69
201900008238;1;5;RUE BEAUREPAIRE;19;10;2019;75;48.8693256;2.3633875;17:15;1;1;2;1985;5;34
201900009366;1;1;RUE DES BOIS;19;12;2019;75;48.878601;2.400545;10:50;2;1;2;1982;9;37
201900009366;1;1;RUE DES BOIS;19;12;2019;75;48.878601;2.400545;10:50;2;4;1;1972;1;47
201900009561;1;1;RUE ORDENER;15;9;2019;75;48.8919584;2.3474028;14:30;1;4;1;1980;5;39
201900009561;1;1;RUE ORDENER;15;9;2019;75;48.8919584;2.3474028;14:30;1;1;1;1973;4;46
201900010076;1;1;AVENUE DE FLANDRE;18;10;2019;75;48.8923245;2.3791355;08:25;2;4;1;1998;1;21
201900010076;1;1;AVENUE DE FLANDRE;18;10;2019;75;48.8923245;2.3791355;08:25;2;4;1;1982;1;37
201900010081;1;5;BOULEVARD VOLTAIRE;18;10;2019;75;48.855012;2.384833;18:30;1;4;1;1996;9;23
201900010081;1;5;BOULEVARD VOLTAIRE;18;10;2019;75;48.855012;2.384833;18:30;1;1;2;1948;5;71
201900010084;1;5;QUAI D ORSAY;18;10;2019;75;48.8625492;2.3104058;21:00;1;4;1;1992;0;27
201900010084;1;5;QUAI D ORSAY;18;10;2019;75;48.8625492;2.3104058;21:00;1;1;1;1981;0;38
201900010087;1;5;BOULEVARD DE SEBASTOPOL;16;10;2019;75;48.861212;2.349725;19:55;2;1;1;1965;1;54
201900010087;1;5;BOULEVARD DE SEBASTOPOL;16;10;2019;75;48.861212;2.349725;19:55;2;4;1;1999;0;20
201900011036;1;6;PLACE SAINT MICHEL;21;11;2019;75;48.8537523;2.3442794;20:40;1;1;1;1982;0;37
201900011036;1;6;PLACE SAINT MICHEL;21;11;2019;75;48.8537523;2.3442794;20:40;1;4;1;1946;9;73
201900011038;1;5;AVENUE JEAN JAURES;22;11;2019;75;48.884462;2.376636;17:00;1;1;2;1963;5;56
201900011038;1;5;AVENUE JEAN JAURES;22;11;2019;75;48.884462;2.376636;17:00;1;1;1;1962;5;57
201900011038;1;5;AVENUE JEAN JAURES;22;11;2019;75;48.884462;2.376636;17:00;1;4;1;1995;0;24
201900011049;1;1;RUE DE MONTHOLON;22;11;2019;75;48.87657;2.3461103;15:15;1;1;1;1982;0;37
201900011049;1;1;RUE DE MONTHOLON;22;11;2019;75;48.87657;2.3461103;15:15;1;4;1;1937;5;82
201900011310;1;5;BOULEVARD MALESHERBES;16;12;2019;75;48.884809;2.307714;20:50;1;4;1;1979;1;40
201900011310;1;5;BOULEVARD MALESHERBES;16;12;2019;75;48.884809;2.307714;20:50;1;1;1;1983;5;36
201900011310;1;5;BOULEVARD MALESHERBES;16;12;2019;75;48.884809;2.307714;20:50;1;1;2;1991;5;28
201900011311;1;1;RUE DE LA POMPE;17;12;2019;75;48.8696621;2.2823882;16:15;2;4;1;1996;9;23
201900011311;1;1;RUE DE LA POMPE;17;12;2019;75;48.8696621;2.2823882;16:15;2;4;1;1949;5;70
201900011319;1;1;AVENUE DES GOBELINS;17;12;2019;75;48.834906;2.353177;23:40;1;4;2;1992;0;27
201900011320;1;1;BOULEVARD KELLERMANN;17;12;2019;75;48.8209896;2.3506273;09:03;1;4;1;1991;1;28
201900011320;1;1;BOULEVARD KELLERMANN;17;12;2019;75;48.8209896;2.3506273;09:03;1;4;1;1985;1;34
201900011321;1;1;QUAI DE LA RAPEE;18;12;2019;75;48.8393467;2.375312;07:15;1;1;1;1972;0;47
201900011321;1;1;QUAI DE LA RAPEE;18;12;2019;75;48.8393467;2.375312;07:15;1;4;1;1972;1;47
201900011321;1;1;QUAI DE LA RAPEE;18;12;2019;75;48.8393467;2.375312;07:15;1;1;1;1972;0;47
201900011321;1;1;QUAI DE LA RAPEE;18;12;2019;75;48.8393467;2.375312;07:15;1;4;1;1972;1;47
201900011322;1;5;BOULEVARD VOLTAIRE;18;12;2019;75;48.859742;2.376877;16:25;1;1;1;1984;5;35
201900011322;1;5;BOULEVARD VOLTAIRE;18;12;2019;75;48.859742;2.376877;16:25;1;4;1;1948;5;71
201900011322;1;5;BOULEVARD VOLTAIRE;18;12;2019;75;48.859742;2.376877;16:25;1;1;1;1984;5;35
201900011322;1;5;BOULEVARD VOLTAIRE;18;12;2019;75;48.859742;2.376877;16:25;1;4;1;1948;5;71
201900011323;1;6;BOULEVARD DE DENAIN;18;12;2019;75;48.878522;2.354068;22:45;1;4;1;1952;5;67
201900011330;1;1;BOULEVARD DE COURCELLES;18;12;2019;75;48.879153;2.3030841;13:50;1;4;1;1982;4;37
201900011330;1;1;BOULEVARD DE COURCELLES;18;12;2019;75;48.879153;2.3030841;13:50;1;4;1;1956;0;63
201900011335;1;1;ROND POINT DU BLEUET DE FRANCE;18;12;2019;75;48.8588564;2.3129869;20:00;1;1;1;1969;4;50
201900011335;1;1;ROND POINT DU BLEUET DE FRANCE;18;12;2019;75;48.8588564;2.3129869;20:00;1;4;2;1978;9;41
201900011336;1;1;BOULEVARD SAINT GERMAIN;18;12;2019;75;48.859996;2.321688;17:10;1;1;1;1985;0;34
201900011336;1;1;BOULEVARD SAINT GERMAIN;18;12;2019;75;48.859996;2.321688;17:10;1;4;2;1964;0;55
201900011339;1;1;QUAI DES CELESTINS;18;12;2019;75;48.85236;2.360489;20:20;1;4;1;1991;5;28
201900011431;1;5;COURS DE VINCENNES;14;9;2019;75;48.847071;2.410751;20:30;1;4;2;2004;5;15
201900011433;1;1;BOULEVARD KELLERMANN;14;9;2019;75;48.820661;2.34945;16:40;1;4;1;1984;1;35
201900011433;1;1;BOULEVARD KELLERMANN;14;9;2019;75;48.820661;2.34945;16:40;1;1;1;1954;5;65
201900011971;1;6;BOULEVARD SAINT MICHEL;17;10;2019;75;48.8469218;2.3406054;18:00;8;4;2;2001;2;18
201900011971;1;6;BOULEVARD SAINT MICHEL;17;10;2019;75;48.8469218;2.3406054;18:00;8;4;1;1977;9;42
201900011972;1;1;BOULEVARD DE BELLEVILLE;17;10;2019;75;48.868932;2.3804671;22:50;1;1;1;1990;4;29
201900011972;1;1;BOULEVARD DE BELLEVILLE;17;10;2019;75;48.868932;2.3804671;22:50;1;4;1;1997;1;22
201900011973;1;1;BOULEVARD DAVOUT;17;10;2019;75;48.8479425;2.4113542;18:30;1;3;1;1990;0;29
201900011973;1;1;BOULEVARD DAVOUT;17;10;2019;75;48.8479425;2.4113542;18:30;1;1;1;1958;3;61
201900011983;1;5;QUAI D AUSTERLITZ;16;10;2019;75;48.8383317;2.3727992;23:10;2;4;1;1993;9;26
201900011987;1;1;AVENUE DE LA REPUBLIQUE;16;10;2019;75;48.8648771;2.3765928;10:05;2;4;1;1994;1;25
201900011987;1;1;AVENUE DE LA REPUBLIQUE;16;10;2019;75;48.8648771;2.3765928;10:05;2;1;1;1967;0;52
201900011990;1;5;RUE DE TURBIGO;17;10;2019;75;48.8641035;2.3501137;18:30;8;4;1;1997;1;22
201900011990;1;5;RUE DE TURBIGO;17;10;2019;75;48.8641035;2.3501137;18:30;8;4;2;1966;0;53
201900012879;1;6;RUE DE CRIMEE;21;11;2019;75;48.890996;2.376397;18:15;2;4;1;1961;5;58
201900012879;1;6;RUE DE CRIMEE;21;11;2019;75;48.890996;2.376397;18:15;2;1;2;1958;5;61
201900012883;1;5;ROUTE DES TRIBUNES;21;11;2019;75;48.854961;2.228796;14:30;1;1;1;1951;3;68
201900012883;1;5;ROUTE DES TRIBUNES;21;11;2019;75;48.854961;2.228796;14:30;1;4;1;1955;5;64
201900012883;1;5;ROUTE DES TRIBUNES;21;11;2019;75;48.854961;2.228796;14:30;1;1;1;1951;3;68
201900012883;1;5;ROUTE DES TRIBUNES;21;11;2019;75;48.854961;2.228796;14:30;1;4;1;1955;5;64
201900012889;1;1;RUE BRANCION;20;11;2019;75;48.829683;2.301758;16:15;1;4;2;1989;0;30
201900012889;1;1;RUE BRANCION;20;11;2019;75;48.829683;2.301758;16:15;1;1;1;1974;4;45
201900012890;1;1;RUE EMERIAU;19;11;2019;75;48.8487229;2.2852167;12:00;1;1;1;1952;5;67
201900012890;1;1;RUE EMERIAU;19;11;2019;75;48.8487229;2.2852167;12:00;1;4;2;1961;5;58
201900012894;1;1;BOULEVARD AUGUSTE BLANQUI;21;11;2019;75;48.831105;2.344241;10:23;1;4;1;1993;0;26
201900012894;1;1;BOULEVARD AUGUSTE BLANQUI;21;11;2019;75;48.831105;2.344241;10:23;1;1;1;1983;0;36
201900013333;1;1;RUE DES FOUGERES;13;9;2019;75;48.8712234;2.4106896;08:30;1;1;1;1997;0;22
201900013333;1;1;RUE DES FOUGERES;13;9;2019;75;48.8712234;2.4106896;08:30;1;4;2;1972;0;47
201900013334;1;1;AVENUE GAMBETTA;13;9;2019;75;48.8642975;2.3930598;08:20;8;4;1;1973;0;46
201900013334;1;1;AVENUE GAMBETTA;13;9;2019;75;48.8642975;2.3930598;08:20;8;1;1;1983;2;36
201900013341;1;5;BOULEVARD VICTOR;13;9;2019;75;48.835747;2.279887;16:00;1;4;2;1991;5;28
201900013342;1;5;BOULEVARD VICTOR;13;9;2019;75;48.835206;2.2816935;09:35;1;4;2;1955;1;64
201900013347;1;1;RUE DE LA CHAUSSEE D ANTIN;13;9;2019;75;48.875259;2.332291;20:00;1;4;2;1991;1;28
201900013347;1;1;RUE DE LA CHAUSSEE D ANTIN;13;9;2019;75;48.875259;2.332291;20:00;1;1;2;1994;1;25
201900013353;1;5;BOULEVARD DE SEBASTOPOL;12;9;2019;75;48.86096;2.349575;19:45;1;1;1;1981;5;38
201900013353;1;5;BOULEVARD DE SEBASTOPOL;12;9;2019;75;48.86096;2.349575;19:45;1;4;1;2001;2;18
201900013772;1;5;BOULEVARD DE LA CHAPELLE;16;10;2019;75;48.883671;2.350383;15:15;2;1;1;1992;0;27
201900013772;1;5;BOULEVARD DE LA CHAPELLE;16;10;2019;75;48.883671;2.350383;15:15;2;3;1;1949;0;70
201900014908;1;1;BOULEVARD DE LA VILLETTE;30;12;2019;75;48.872677;2.37641;17:30;1;4;1;1992;0;27
201900014908;1;1;BOULEVARD DE LA VILLETTE;30;12;2019;75;48.872677;2.37641;17:30;1;4;1;1994;5;25
201900014909;1;5;RUE DE LA PORTE D ISSY;30;12;2019;75;48.8326491;2.2814197;09:10;1;4;1;1966;1;53
201900014909;1;5;RUE DE LA PORTE D ISSY;30;12;2019;75;48.8326491;2.2814197;09:10;1;1;1;1995;1;24
201900014911;1;5;RUE BASFROI;30;12;2019;75;48.855703;2.378706;18:35;1;4;2;1989;0;30
201900014912;1;1;PLACE CLEMENCEAU;30;12;2019;75;48.867787;2.313851;14:12;1;1;1;1978;0;41
201900014912;1;1;PLACE CLEMENCEAU;30;12;2019;75;48.867787;2.313851;14:12;1;4;1;1970;1;49
201900014913;1;1;RUE DE ROME;30;12;2019;75;48.879483;2.321849;12:27;1;4;1;1988;1;31
201900014913;1;1;RUE DE ROME;30;12;2019;75;48.879483;2.321849;12:27;1;4;1;1993;4;26
201900014914;1;5;BOULEVARD DE BONNE NOUVELLE;30;12;2019;75;48.869685;2.352662;20:30;1;4;1;1995;0;24
201900014914;1;5;BOULEVARD DE BONNE NOUVELLE;30;12;2019;75;48.869685;2.352662;20:30;1;1;2;1978;0;41
201900016477;1;1;RUE CHAMPIONNET;19;11;2019;75;48.895835;2.345836;16:20;1;4;1;1971;9;48
201900016477;1;1;RUE CHAMPIONNET;19;11;2019;75;48.895835;2.345836;16:20;1;1;1;1990;4;29
201900016625;1;5;AVENUE DE FLANDRE;29;12;2019;75;48.884383;2.369195;06:20;1;4;1;2000;0;19
201900016631;1;1;RUE DE VAUGIRARD;29;12;2019;75;48.841487;2.30795;10:15;1;4;2;1949;0;70
201900016631;1;1;RUE DE VAUGIRARD;29;12;2019;75;48.841487;2.30795;10:15;1;1;1;1964;5;55
201900016634;1;1;BOULEVARD DIDEROT;29;12;2019;75;48.846352;2.378079;15:25;1;1;1;1973;1;46
201900016634;1;1;BOULEVARD DIDEROT;29;12;2019;75;48.846352;2.378079;15:25;1;4;1;1987;0;32
201900016737;1;5;RUE DARMESTETER;28;12;2019;75;48.8234;2.375032;17:40;1;4;1;1987;5;32
201900016737;1;5;RUE DARMESTETER;28;12;2019;75;48.8234;2.375032;17:40;1;1;1;1949;0;70
201900016740;1;6;BOULEVARD DE MAGENTA;28;12;2019;75;48.872859;2.359128;00:01;1;1;1;1989;0;30
201900016740;1;6;BOULEVARD DE MAGENTA;28;12;2019;75;48.872859;2.359128;00:01;1;4;1;1988;5;31
201900017111;1;5;ROUTE DES TRIBUNES;12;9;2019;75;48.864037;2.234237;19:45;1;1;1;1994;5;25
201900017111;1;5;ROUTE DES TRIBUNES;12;9;2019;75;48.864037;2.234237;19:45;1;4;1;1984;5;35
201900017118;1;1;AVENUE BOSQUET;12;9;2019;75;48.8598198;2.3028583;09:40;1;4;2;1983;0;36
201900017118;1;1;AVENUE BOSQUET;12;9;2019;75;48.8598198;2.3028583;09:40;1;1;1;1929;0;90
201900017315;1;6;BOULEVARD SAINT MICHEL;14;10;2019;75;48.851393;2.343172;11:25;1;4;1;1998;1;21
201900017322;1;5;BOULEVARD DE MAGENTA;14;10;2019;75;48.8821744;2.3507755;09:10;1;4;2;1980;0;39
201900017322;1;5;BOULEVARD DE MAGENTA;14;10;2019;75;48.8821744;2.3507755;09:10;1;1;1;1990;0;29
201900017412;1;5;BOULEVARD BESSIERES;14;10;2019;75;48.8946862;2.31475;08:35;1;1;1;1993;1;26
201900017412;1;5;BOULEVARD BESSIERES;14;10;2019;75;48.8946862;2.31475;08:35;1;4;2;2012;2;7
201900018287;1;5;BOULEVARD DE STRASBOURG;17;11;2019;75;48.8748112;2.3573878;03:35;1;4;1;1993;9;26
201900018287;1;5;BOULEVARD DE STRASBOURG;17;11;2019;75;48.8748112;2.3573878;03:35;1;1;1;1969;0;50
201900018287;1;5;BOULEVARD DE STRASBOURG;17;11;2019;75;48.8748112;2.3573878;03:35;1;1;1;1988;0;31
201900018287;1;5;BOULEVARD DE STRASBOURG;17;11;2019;75;48.8748112;2.3573878;03:35;1;1;1;1987;0;32
201900018287;1;5;BOULEVARD DE STRASBOURG;17;11;2019;75;48.8748112;2.3573878;03:35;1;1;1;1993;4;26
201900018287;1;5;BOULEVARD DE STRASBOURG;17;11;2019;75;48.8748112;2.3573878;03:35;1;1;1;1991;0;28
201900018287;1;5;BOULEVARD DE STRASBOURG;17;11;2019;75;48.8748112;2.3573878;03:35;1;1;1;1975;0;44
201900018674;1;5;BOULEVARD JOURDAN;26;12;2019;75;48.8196464;2.3419298;07:10;1;1;1;1992;1;27
201900018674;1;5;BOULEVARD JOURDAN;26;12;2019;75;48.8196464;2.3419298;07:10;1;3;1;1975;1;44
201900018674;1;5;BOULEVARD JOURDAN;26;12;2019;75;48.8196464;2.3419298;07:10;1;1;1;1992;1;27
201900018674;1;5;BOULEVARD JOURDAN;26;12;2019;75;48.8196464;2.3419298;07:10;1;3;1;1975;1;44
201900018987;1;5;RUE D AUBERVILLIERS;11;9;2019;75;48.885543;2.365805;16:16;1;1;1;1946;5;73
201900018987;1;5;RUE D AUBERVILLIERS;11;9;2019;75;48.885543;2.365805;16:16;1;4;1;1997;5;22
201900018988;1;1;AVENUE DE LA GRANDE ARMEE;11;9;2019;75;48.874607;2.293113;19:50;1;4;2;1986;5;33
201900018988;1;1;AVENUE DE LA GRANDE ARMEE;11;9;2019;75;48.874607;2.293113;19:50;1;4;1;1984;0;35
201900018991;1;1;AVENUE DAUMESNIL;11;9;2019;75;48.8335532;2.4147756;17:40;1;4;1;1977;0;42
201900018991;1;1;AVENUE DAUMESNIL;11;9;2019;75;48.8335532;2.4147756;17:40;1;1;1;1983;5;36
201900018995;1;5;PONT DE SULLY;11;9;2019;75;48.8508089;2.3614436;09:00;8;4;1;1978;0;41
201900019199;1;1;RUE MANIN;13;10;2019;75;48.880943;2.38015;18:05;1;4;1;1976;0;43
201900019199;1;1;RUE MANIN;13;10;2019;75;48.880943;2.38015;18:05;1;1;1;1996;0;23
201900019207;1;6;RUE SAINT LAZARE;13;10;2019;75;48.8757067;2.327775;20:00;1;4;1;1996;0;23
201900020453;1;5;BOULEVARD DE MENILMONTANT;26;12;2019;75;48.8618569;2.388033;15:35;1;1;1;1991;1;28
201900020453;1;5;BOULEVARD DE MENILMONTANT;26;12;2019;75;48.8618569;2.388033;15:35;1;4;2;1967;0;52
201900020453;1;5;BOULEVARD DE MENILMONTANT;26;12;2019;75;48.8618569;2.388033;15:35;1;1;1;1991;1;28
201900020453;1;5;BOULEVARD DE MENILMONTANT;26;12;2019;75;48.8618569;2.388033;15:35;1;4;2;1967;0;52
201900020456;1;1;BOULEVARD SUCHET;17;12;2019;75;48.8589064;2.2656566;09:45;1;4;2;1989;1;30
201900020456;1;1;BOULEVARD SUCHET;17;12;2019;75;48.8589064;2.2656566;09:45;1;1;1;1974;5;45
201900020458;1;5;RUE DE LOURMEL;26;12;2019;75;48.849618;2.291457;15:55;1;4;2;1942;0;77
201900020458;1;5;RUE DE LOURMEL;26;12;2019;75;48.849618;2.291457;15:55;1;1;1;1999;5;20
201900020902;1;1;RUE DE LA CONVENTION;10;10;2019;75;48.83907;2.292356;21:00;1;4;1;1997;4;22
201900020902;1;1;RUE DE LA CONVENTION;10;10;2019;75;48.83907;2.292356;21:00;1;1;1;1956;0;63
201900020906;1;1;RUE LA BOETIE;11;10;2019;75;48.8722858;2.3093919;08:50;1;4;2;1976;1;43
201900020906;1;1;RUE LA BOETIE;11;10;2019;75;48.8722858;2.3093919;08:50;1;1;2;1985;1;34
201900021015;1;5;RUE DU RENDEZ VOUS;10;9;2019;75;48.84538;2.404111;12:25;1;4;1;1950;0;69
201900021015;1;5;RUE DU RENDEZ VOUS;10;9;2019;75;48.84538;2.404111;12:25;1;4;1;2006;5;13
201900021017;1;1;BOULEVARD DES INVALIDES;10;9;2019;75;48.848296;2.315779;20:40;1;1;1;1979;0;40
201900021017;1;1;BOULEVARD DES INVALIDES;10;9;2019;75;48.848296;2.315779;20:40;1;4;1;1997;0;22
201900022139;1;5;BOULEVARD DE BELLEVILLE;10;11;2019;75;48.8715375;2.3775932;12:40;1;1;1;2000;0;19
201900022139;1;5;BOULEVARD DE BELLEVILLE;10;11;2019;75;48.8715375;2.3775932;12:40;1;4;1;1985;0;34
201900022146;1;1;ROUTE DE LA MUETTE A NEUILLY;15;11;2019;75;48.864506;2.266503;06:00;2;1;1;1967;0;52
201900022146;1;1;ROUTE DE LA MUETTE A NEUILLY;15;11;2019;75;48.864506;2.266503;06:00;2;4;1;1958;0;61
201900022150;1;5;RUE DAREAU;15;11;2019;75;48.8309;2.3367;19:50;2;4;1;1960;0;59
201900022150;1;5;RUE DAREAU;15;11;2019;75;48.8309;2.3367;19:50;2;4;1;1984;1;35
201900022372;1;1;RUE DE BELLEVILLE;24;12;2019;75;48.87539;2.390057;17:00;1;1;1;1989;0;30
201900022372;1;1;RUE DE BELLEVILLE;24;12;2019;75;48.87539;2.390057;17:00;1;3;2;1979;0;40
201900022707;1;1;RUE ORDENER;10;10;2019;75;48.8929894;2.3410362;19:35;1;4;1;1992;0;27
201900022707;1;1;RUE ORDENER;10;10;2019;75;48.8929894;2.3410362;19:35;1;1;1;1962;9;57
201900022713;1;1;PLACE DE LA PORTE D AUTEUIL;8;10;2019;75;48.8480887;2.258014;16:00;2;4;1;1933;0;86
201900022713;1;1;PLACE DE LA PORTE D AUTEUIL;8;10;2019;75;48.8480887;2.258014;16:00;2;1;1;1980;5;39
201900022721;1;5;RUE DU BAC;10;10;2019;75;48.856722;2.3270456;18:20;1;1;1;1995;4;24
201900022721;1;5;RUE DU BAC;10;10;2019;75;48.856722;2.3270456;18:20;1;4;1;1995;0;24
201900022787;1;1;RUE D AVRON;9;9;2019;75;48.8515836;2.3998432;20:30;1;4;2;1984;5;35
201900022790;1;1;AVENUE DE CLICHY;9;9;2019;75;48.890269;2.320759;12:30;1;1;1;1971;4;48
201900022790;1;1;AVENUE DE CLICHY;9;9;2019;75;48.890269;2.320759;12:30;1;4;1;1998;4;21
201900022792;1;1;ALLEE DE LONGCHAMP;9;9;2019;75;48.87492;2.271104;20:00;1;4;1;1961;1;58
201900022792;1;1;ALLEE DE LONGCHAMP;9;9;2019;75;48.87492;2.271104;20:00;1;1;1;2005;5;14
201900022792;1;1;ALLEE DE LONGCHAMP;9;9;2019;75;48.87492;2.271104;20:00;1;1;1;2006;5;13
201900022918;1;1;RUE SORBIER;8;9;2019;75;48.866761;2.391487;20:15;1;4;1;1998;0;21
201900022918;1;1;RUE SORBIER;8;9;2019;75;48.866761;2.391487;20:15;1;1;1;1980;0;39
201900023897;1;1;BOULEVARD DE ROCHECHOUART;14;11;2019;75;48.883837;2.349478;09:55;1;4;2;1995;0;24
201900023897;1;1;BOULEVARD DE ROCHECHOUART;14;11;2019;75;48.883837;2.349478;09:55;1;1;2;1977;4;42
201900023898;1;1;ROUTE DE LA PTE DAUPHINE A LA PTE DES SA;13;11;2019;75;48.8749121;2.2711113;19:55;1;1;1;1989;5;30
201900023898;1;1;ROUTE DE LA PTE DAUPHINE A LA PTE DES SA;13;11;2019;75;48.8749121;2.2711113;19:55;1;4;2;1989;5;30
201900023898;1;1;ROUTE DE LA PTE DAUPHINE A LA PTE DES SA;13;11;2019;75;48.8749121;2.2711113;19:55;1;1;1;1971;0;48
201900023905;1;1;RUE DE L AQUEDUC;13;11;2019;75;48.8824474;2.3640507;11:35;2;4;2;1989;1;30
201900023905;1;1;RUE DE L AQUEDUC;13;11;2019;75;48.8824474;2.3640507;11:35;2;1;1;1963;4;56
201900024296;1;5;RUE FALGUIERE;9;10;2019;75;48.8409;2.31327;10:50;2;4;2;1957;5;62
201900024300;1;5;BOULEVARD BRUNE;9;10;2019;75;48.8257434;2.3145081;09:30;2;1;1;1995;4;24
201900024300;1;5;BOULEVARD BRUNE;9;10;2019;75;48.8257434;2.3145081;09:30;2;4;1;1987;4;32
201900024301;1;5;QUAI D AUSTERLITZ;9;10;2019;75;48.8383304;2.3728006;20:30;1;1;1;1972;5;47
201900024301;1;5;QUAI D AUSTERLITZ;9;10;2019;75;48.8383304;2.3728006;20:30;1;4;2;1989;5;30
201900024306;1;1;RUE DE CHARONNE;8;10;2019;75;48.855129;2.387104;21:55;2;1;1;1987;0;32
201900024306;1;1;RUE DE CHARONNE;8;10;2019;75;48.855129;2.387104;21:55;2;4;1;1992;0;27
201900024411;1;6;BOULEVARD DE L HOPITAL;23;12;2019;75;48.84033;2.362023;17:45;1;1;1;2004;5;15
201900024411;1;6;BOULEVARD DE L HOPITAL;23;12;2019;75;48.84033;2.362023;17:45;1;4;1;1959;0;60
201900024413;1;5;PLACE DE LA PORTE DE VINCENNES;23;12;2019;75;48.846592;2.4138948;15:50;1;4;1;1990;0;29
201900024413;1;5;PLACE DE LA PORTE DE VINCENNES;23;12;2019;75;48.846592;2.4138948;15:50;1;1;1;1979;1;40
201900025702;1;1;RUE ORDENER;13;11;2019;75;48.8917229;2.3487301;09:50;8;4;1;1992;0;27
201900025702;1;1;RUE ORDENER;13;11;2019;75;48.8917229;2.3487301;09:50;8;1;1;1974;4;45
201900025703;1;1;AVENUE DE SAINT OUEN;13;11;2019;75;48.8955646;2.3282861;09:45;1;1;1;1993;1;26
201900025703;1;1;AVENUE DE SAINT OUEN;13;11;2019;75;48.8955646;2.3282861;09:45;1;4;1;2002;2;17
201900025703;1;1;AVENUE DE SAINT OUEN;13;11;2019;75;48.8955646;2.3282861;09:45;1;4;1;2002;1;17
201900025706;1;1;ROUTE DE SEVRES A NEUILLY;13;11;2019;75;48.854154;2.237366;16:00;1;3;1;1942;5;77
201900025706;1;1;ROUTE DE SEVRES A NEUILLY;13;11;2019;75;48.854154;2.237366;16:00;1;1;1;1999;5;20
201900025709;1;1;RUE LA FAYETTE;13;11;2019;75;48.881574;2.3657;19:15;1;1;1;1991;0;28
201900025709;1;1;RUE LA FAYETTE;13;11;2019;75;48.881574;2.3657;19:15;1;4;2;1990;1;29
201900025796;1;1;AVENUE GAMBETTA;21;12;2019;75;48.871453;2.404171;19:50;2;4;1;1978;1;41
201900025796;1;1;AVENUE GAMBETTA;21;12;2019;75;48.871453;2.404171;19:50;2;4;1;2003;0;16
201900025809;1;5;RUE DE LUYNES;21;12;2019;75;48.85473;2.325996;07:35;1;1;1;1970;0;49
201900025809;1;5;RUE DE LUYNES;21;12;2019;75;48.85473;2.325996;07:35;1;4;2;1996;0;23
201900025810;1;1;VOIE GEORGES POMPIDOU;21;12;2019;75;48.8510483;2.3611412;11:35;1;4;1;1960;5;59
201900025811;1;5;RUE DE RIVOLI;20;12;2019;75;48.8643902;2.3301115;17:45;1;4;1;1985;9;34
201900025811;1;5;RUE DE RIVOLI;20;12;2019;75;48.8643902;2.3301115;17:45;1;1;1;1980;9;39
201900025811;1;5;RUE DE RIVOLI;20;12;2019;75;48.8643902;2.3301115;17:45;1;4;1;1985;9;34
201900025811;1;5;RUE DE RIVOLI;20;12;2019;75;48.8643902;2.3301115;17:45;1;1;1;1980;9;39
201900026380;1;1;RUE AIME MOROT;3;9;2019;75;48.8206261;2.3494568;20:15;1;1;1;1968;1;51
201900026380;1;1;RUE AIME MOROT;3;9;2019;75;48.8206261;2.3494568;20:15;1;4;1;2005;0;14
201900026382;1;1;RUE DE BELLEVILLE;4;9;2019;75;48.87671;2.404962;13:20;1;4;1;1986;0;33
201900026382;1;1;RUE DE BELLEVILLE;4;9;2019;75;48.87671;2.404962;13:20;1;1;2;1988;0;31
201900026386;1;1;BOULEVARD BERTHIER;5;9;2019;75;48.886468;2.29577;08:45;1;1;1;1981;1;38
201900026386;1;1;BOULEVARD BERTHIER;5;9;2019;75;48.886468;2.29577;08:45;1;4;2;1997;2;22
201900026391;1;1;CARREFOUR DES ANCIENS COMBATTANTS   BOUL;6;9;2019;75;48.8484932;2.2421175;17:30;1;1;2;1930;5;89
201900026391;1;1;CARREFOUR DES ANCIENS COMBATTANTS   BOUL;6;9;2019;75;48.8484932;2.2421175;17:30;1;4;1;1959;5;60
201900026397;1;1;BOULEVARD PASTEUR;6;9;2019;75;48.840612;2.314975;07:00;1;4;2;1958;1;61
201900026400;1;1;RUE DES PLANTES;4;9;2019;75;48.829299;2.322656;09:45;1;1;1;1973;4;46
201900026400;1;1;RUE DES PLANTES;4;9;2019;75;48.829299;2.322656;09:45;1;4;2;1989;1;30
201900026405;1;6;BOULEVARD DE L HOPITAL;5;9;2019;75;48.8398467;2.3616955;21:00;1;4;1;1969;5;50
201900026405;1;6;BOULEVARD DE L HOPITAL;5;9;2019;75;48.8398467;2.3616955;21:00;1;4;1;1990;5;29
201900026409;1;5;PLACE DE LA REPUBLIQUE;6;9;2019;75;48.86674;2.36516;09:35;1;4;2;1951;1;68
201900026409;1;5;PLACE DE LA REPUBLIQUE;6;9;2019;75;48.86674;2.36516;09:35;1;4;2;1951;1;68
201900026416;1;1;BOULEVARD HAUSSMANN;4;9;2019;75;48.872362;2.337426;13:15;1;4;1;1971;1;48
201900026416;1;1;BOULEVARD HAUSSMANN;4;9;2019;75;48.872362;2.337426;13:15;1;1;1;1966;4;53
201900026416;1;1;BOULEVARD HAUSSMANN;4;9;2019;75;48.872362;2.337426;13:15;1;1;1;1989;4;30
201900026421;1;1;QUAI DE L HOTEL DE VILLE;6;9;2019;75;48.854371;2.3549358;17:20;1;4;1;1972;1;47
201900027663;1;5;AVENUE DE VILLIERS;17;12;2019;75;48.88502;2.296647;08:15;1;1;1;1985;4;34
201900027663;1;5;AVENUE DE VILLIERS;17;12;2019;75;48.88502;2.296647;08:15;1;4;2;1994;0;25
201900027669;1;5;RUE D AUBERVILLIERS;19;12;2019;75;48.898287;2.370489;22:15;2;3;1;1991;9;28
201900027669;1;5;RUE D AUBERVILLIERS;19;12;2019;75;48.898287;2.370489;22:15;2;1;1;1987;4;32
201900027676;1;1;AVENUE DAUMESNIL;19;12;2019;75;48.838449;2.398683;10:25;2;4;2;1971;1;48
201900027676;1;1;AVENUE DAUMESNIL;19;12;2019;75;48.838449;2.398683;10:25;2;1;1;1960;1;59
201900027680;1;1;PLACE DE LA CONCORDE;20;12;2019;75;48.864408;2.32179;09:25;2;4;1;1968;1;51
201900027680;1;1;PLACE DE LA CONCORDE;20;12;2019;75;48.864408;2.32179;09:25;2;4;1;1968;1;51
201900027683;1;5;QUAI VOLTAIRE;20;12;2019;75;48.8588441;2.3314485;10:45;8;4;1;1967;0;52
201900027683;1;5;QUAI VOLTAIRE;20;12;2019;75;48.8588441;2.3314485;10:45;8;1;1;1994;0;25
201900027683;1;5;QUAI VOLTAIRE;20;12;2019;75;48.8588441;2.3314485;10:45;8;4;1;1967;0;52
201900027683;1;5;QUAI VOLTAIRE;20;12;2019;75;48.8588441;2.3314485;10:45;8;1;1;1994;0;25
201900027684;1;1;BOULEVARD RASPAIL;19;12;2019;75;48.85606;2.325895;09:05;1;4;2;1962;0;57
201900027686;1;1;RUE DE GRAMONT;20;12;2019;75;48.8708478;2.3369398;07:55;2;1;1;1989;1;30
201900027686;1;1;RUE DE GRAMONT;20;12;2019;75;48.8708478;2.3369398;07:55;2;4;1;1978;0;41
201900027725;1;1;BOULEVARD SERURIER;8;10;2019;75;48.8857674;2.3943731;12:50;2;4;1;1995;0;24
201900027725;1;1;BOULEVARD SERURIER;8;10;2019;75;48.8857674;2.3943731;12:50;2;1;2;1979;4;40
201900027730;1;1;BOULEVARD DU MONTPARNASSE;8;10;2019;75;48.8450978;2.3201241;19:25;1;4;2;1990;0;29
201900029264;1;1;AVENUE DE SAINT OUEN;11;11;2019;75;48.893004;2.327429;01:10;1;4;1;1981;0;38
201900029267;1;5;BOULEVARD DE BELLEVILLE;11;11;2019;75;48.870612;2.378354;17:50;1;4;2;1994;9;25
201900029267;1;5;BOULEVARD DE BELLEVILLE;11;11;2019;75;48.870612;2.378354;17:50;1;1;1;1978;5;41
201900029520;1;5;QUAI FRANCOIS MAURIAC;18;12;2019;75;48.835683;2.37538;07:50;8;4;1;1989;1;30
201900029520;1;5;QUAI FRANCOIS MAURIAC;18;12;2019;75;48.835683;2.37538;07:50;8;1;1;1999;5;20
201900029521;1;5;BOULEVARD PONIATOWSKI;19;12;2019;75;48.834267;2.404724;09:20;8;4;1;1993;1;26
201900029521;1;5;BOULEVARD PONIATOWSKI;19;12;2019;75;48.834267;2.404724;09:20;8;1;2;1982;1;37
201900029527;1;5;RUE DU BAC;19;12;2019;75;48.852362;2.3236245;19:10;1;4;2;1960;5;59
201900029529;1;6;QUAI DES CELESTINS;19;12;2019;75;48.851027;2.361127;11:30;8;4;1;1947;9;72
201900029559;1;6;QUAI DE CONTI;7;10;2019;75;48.8568023;2.3392779;20:10;1;1;1;1982;0;37
201900029559;1;6;QUAI DE CONTI;7;10;2019;75;48.8568023;2.3392779;20:10;1;4;1;1976;0;43
201900029567;1;5;BOULEVARD DES BATIGNOLLES;7;10;2019;75;48.8832241;2.3253237;10:00;1;4;2;1994;1;25
201900029567;1;5;BOULEVARD DES BATIGNOLLES;7;10;2019;75;48.8832241;2.3253237;10:00;1;1;1;1958;5;61
201900029574;1;1;CARREFOUR DE PYRAMIDE;7;10;2019;75;48.8339963;2.4455832;15:00;1;4;2;1938;5;81
201900029580;1;5;RUE DE RIVOLI;7;10;2019;75;48.8554569;2.3600888;15:30;1;4;2;1959;0;60
201900029580;1;5;RUE DE RIVOLI;7;10;2019;75;48.8554569;2.3600888;15:30;1;1;2;1964;0;55
201900029704;1;6;RUE SAINT MARTIN;5;10;2019;75;48.8670271;2.3544618;23:20;1;1;1;1984;0;35
201900029704;1;6;RUE SAINT MARTIN;5;10;2019;75;48.8670271;2.3544618;23:20;1;4;1;1977;5;42
201900030065;1;6;BOULEVARD BARBES;4;9;2019;75;48.883852;2.349476;16:15;1;4;2;1971;1;48
201900030065;1;6;BOULEVARD BARBES;4;9;2019;75;48.883852;2.349476;16:15;1;1;1;1971;5;48
201900030069;1;1;PLACE CAMBRONNE;4;9;2019;75;48.8477752;2.3015701;17:05;1;4;1;1964;1;55
201900030069;1;1;PLACE CAMBRONNE;4;9;2019;75;48.8477752;2.3015701;17:05;1;1;2;1956;0;63
201900030071;1;1;BOULEVARD BRUNE;3;9;2019;75;48.826513;2.31104;18:35;1;1;1;1963;5;56
201900030071;1;1;BOULEVARD BRUNE;3;9;2019;75;48.826513;2.31104;18:35;1;4;1;1990;1;29
201900030072;1;1;RUE DE TOLBIAC;4;9;2019;75;48.8284661;2.3729348;17:00;1;1;1;1998;1;21
201900030072;1;1;RUE DE TOLBIAC;4;9;2019;75;48.8284661;2.3729348;17:00;1;4;1;1972;5;47
201900030073;1;5;AVENUE D ITALIE;4;9;2019;75;48.8267561;2.3570893;07:47;1;4;1;1994;0;25
201900030073;1;5;AVENUE D ITALIE;4;9;2019;75;48.8267561;2.3570893;07:47;1;1;1;1950;0;69
201900030074;1;1;RUE DE MONTREUIL;4;9;2019;75;48.85046;2.392937;14:30;1;4;1;1981;9;38
201900030074;1;1;RUE DE MONTREUIL;4;9;2019;75;48.85046;2.392937;14:30;1;1;1;1984;0;35
201900030078;1;1;RUE DE GRENELLE;4;9;2019;75;48.857884;2.31589;15:45;1;1;1;1994;4;25
201900030078;1;1;RUE DE GRENELLE;4;9;2019;75;48.857884;2.31589;15:45;1;4;2;1998;2;21
201900031032;1;1;RUE DU FAUBOURG MONTMARTRE;9;11;2019;75;48.8766588;2.3394497;12:00;1;1;1;1999;0;20
201900031032;1;1;RUE DU FAUBOURG MONTMARTRE;9;11;2019;75;48.8766588;2.3394497;12:00;1;4;2;1936;0;83
201900031295;1;5;BOULEVARD DAVOUT;16;12;2019;75;48.861179;2.409347;07:20;3;4;1;1963;1;56
201900031296;1;6;BOULEVARD BERTHIER;16;12;2019;75;48.887323;2.297886;07:30;3;1;2;1963;1;56
201900031296;1;6;BOULEVARD BERTHIER;16;12;2019;75;48.887323;2.297886;07:30;3;4;2;1988;1;31
201900031498;1;1;RUE DU DEPARTEMENT;5;10;2019;75;48.8857448;2.3649831;03:30;1;4;1;1987;0;32
201900031498;1;1;RUE DU DEPARTEMENT;5;10;2019;75;48.8857448;2.3649831;03:30;1;1;1;1977;0;42
201900032086;1;1;AVENUE DU GENERAL LECLERC;3;9;2019;75;48.8284772;2.3274158;15:35;1;1;1;1964;5;55
201900032086;1;1;AVENUE DU GENERAL LECLERC;3;9;2019;75;48.8284772;2.3274158;15:35;1;4;1;1980;4;39
201900033018;1;5;ROUTE DES TRIBUNES;15;12;2019;75;48.8578254;2.2288065;16:10;1;4;1;2011;5;8
201900033018;1;5;ROUTE DES TRIBUNES;15;12;2019;75;48.8578254;2.2288065;16:10;1;4;1;1977;5;42
201900033034;1;1;RUE DE RENNES;8;11;2019;75;48.850279;2.329938;16:30;1;1;2;1947;0;72
201900033034;1;1;RUE DE RENNES;8;11;2019;75;48.850279;2.329938;16:30;1;4;1;1973;0;46
201900033036;1;1;RUE NOTRE DAME DES CHAMPS;7;11;2019;75;48.8418703;2.3322345;10:30;1;1;1;1963;1;56
201900033036;1;1;RUE NOTRE DAME DES CHAMPS;7;11;2019;75;48.8418703;2.3322345;10:30;1;4;2;1973;2;46
201900033037;1;4;RUE VITRUVE;8;11;2019;75;48.859151;2.40646;13:40;1;4;1;1979;3;40
201900033037;1;4;RUE VITRUVE;8;11;2019;75;48.859151;2.40646;13:40;1;3;2;1944;0;75
201900033046;1;1;RUE DE PASSY;8;11;2019;75;48.8579035;2.2807574;16:10;1;1;1;2003;1;16
201900033046;1;1;RUE DE PASSY;8;11;2019;75;48.8579035;2.2807574;16:10;1;4;2;1950;0;69
201900033051;1;1;RUE EMERIAU;8;11;2019;75;48.849624;2.286154;12:02;1;1;1;1978;4;41
201900033051;1;1;RUE EMERIAU;8;11;2019;75;48.849624;2.286154;12:02;1;1;2;1996;0;23
201900033051;1;1;RUE EMERIAU;8;11;2019;75;48.849624;2.286154;12:02;1;4;1;1961;0;58
201900033053;1;5;BOULEVARD LEFEBVRE;7;11;2019;75;48.83223;2.2896;09:15;1;4;2;1983;1;36
201900033058;1;1;RUE DE DOUAI;8;11;2019;75;48.8814238;2.3356149;10:56;1;4;2;1989;0;30
201900033058;1;1;RUE DE DOUAI;8;11;2019;75;48.8814238;2.3356149;10:56;1;1;2;1989;1;30
201900033332;1;5;RUE DE LA JUSTICE;4;10;2019;75;48.8690599;2.4088319;12:15;8;1;1;1964;4;55
201900033332;1;5;RUE DE LA JUSTICE;4;10;2019;75;48.8690599;2.4088319;12:15;8;4;1;1996;1;23
201900033339;1;5;BOULEVARD GENERAL MARTIAL VALIN;4;10;2019;75;48.8383398;2.2707986;18:45;1;1;1;2000;0;19
201900033339;1;5;BOULEVARD GENERAL MARTIAL VALIN;4;10;2019;75;48.8383398;2.2707986;18:45;1;4;1;1970;5;49
201900033339;1;5;BOULEVARD GENERAL MARTIAL VALIN;4;10;2019;75;48.8383398;2.2707986;18:45;1;1;1;2000;0;19
201900033339;1;5;BOULEVARD GENERAL MARTIAL VALIN;4;10;2019;75;48.8383398;2.2707986;18:45;1;4;1;1970;5;49
201900033341;1;5;BOULEVARD KELLERMANN;4;10;2019;75;48.8208509;2.3555582;16:15;1;4;1;1968;5;51
201900033341;1;5;BOULEVARD KELLERMANN;4;10;2019;75;48.8208509;2.3555582;16:15;1;4;2;1986;9;33
201900034663;1;1;BOULEVARD ARAGO;14;12;2019;75;48.83445;2.333443;20:00;1;4;2;1998;1;21
201900034955;1;5;PLACE PAUL ELUARD;6;11;2019;75;48.8902718;2.3599148;13:44;1;4;1;1985;4;34
201900034955;1;5;PLACE PAUL ELUARD;6;11;2019;75;48.8902718;2.3599148;13:44;1;4;2;2000;5;19
201900034955;1;5;PLACE PAUL ELUARD;6;11;2019;75;48.8902718;2.3599148;13:44;1;1;1;1985;5;34
201900035318;1;6;RUE D ALESIA;2;10;2019;75;48.8293008;2.322665;12:35;1;4;2;1989;5;30
201900035318;1;6;RUE D ALESIA;2;10;2019;75;48.8293008;2.322665;12:35;1;1;1;1981;1;38
201900035320;1;1;RUE DE CONSTANTINOPLE;3;10;2019;75;48.8790604;2.3232349;08:55;1;4;2;1967;1;52
201900035320;1;1;RUE DE CONSTANTINOPLE;3;10;2019;75;48.8790604;2.3232349;08:55;1;1;1;1990;1;29
201900035321;1;6;BOULEVARD SAINT GERMAIN;3;10;2019;75;48.857547;2.3240402;00:01;1;1;1;1988;4;31
201900035321;1;6;BOULEVARD SAINT GERMAIN;3;10;2019;75;48.857547;2.3240402;00:01;1;4;1;1996;0;23
201900036232;1;5;BOULEVARD BRUNE;11;12;2019;75;48.8241117;2.3212317;21:25;2;1;1;1966;5;53
201900036232;1;5;BOULEVARD BRUNE;11;12;2019;75;48.8241117;2.3212317;21:25;2;1;1;1958;4;61
201900036232;1;5;BOULEVARD BRUNE;11;12;2019;75;48.8241117;2.3212317;21:25;2;1;1;1981;5;38
201900036232;1;5;BOULEVARD BRUNE;11;12;2019;75;48.8241117;2.3212317;21:25;2;4;1;1968;0;51
201900036233;1;5;RUE DE LOBAU;13;12;2019;75;48.856959;2.353714;19:20;2;4;2;1992;0;27
201900036233;1;5;RUE DE LOBAU;13;12;2019;75;48.856959;2.353714;19:20;2;4;1;1965;4;54
201900036237;1;5;QUAI D AUSTERLITZ;13;12;2019;75;48.838656;2.372371;09:45;2;4;2;1997;9;22
201900036237;1;5;QUAI D AUSTERLITZ;13;12;2019;75;48.838656;2.372371;09:45;2;1;1;1980;4;39
201900036239;1;5;RUE DE ROME;13;12;2019;75;48.881095;2.321001;17:00;1;1;1;1951;5;68
201900036239;1;5;RUE DE ROME;13;12;2019;75;48.881095;2.321001;17:00;1;4;2;1989;1;30
201900036242;1;1;AVENUE HOCHE;13;12;2019;75;48.875524;2.299227;10:30;1;1;1;1967;0;52
201900036242;1;1;AVENUE HOCHE;13;12;2019;75;48.875524;2.299227;10:30;1;4;2;1964;0;55
201900036244;1;1;RUE LAS CASES;13;12;2019;75;48.858635;2.319824;08:15;2;4;1;1973;1;46
201900038122;1;5;RUE BUFFON;12;12;2019;75;48.842635;2.361623;17:25;2;4;2;1993;0;26
201900038122;1;5;RUE BUFFON;12;12;2019;75;48.842635;2.361623;17:25;2;1;2;1983;9;36
201900038127;1;1;RUE DE CRIMEE;12;12;2019;75;48.8806739;2.3882413;18:15;3;4;1;1989;5;30
201900038160;1;5;BOULEVARD KELLERMANN;12;12;2019;75;48.8193297;2.3445776;06:05;1;4;1;1982;0;37
201900038160;1;5;BOULEVARD KELLERMANN;12;12;2019;75;48.8193297;2.3445776;06:05;1;1;1;1959;0;60
201900038184;1;1;RUE DU ROCHER;12;12;2019;75;48.876857;2.321665;19:30;2;4;1;1986;1;33
201900038698;1;5;RUE ETIENNE MARCEL;30;10;2019;75;48.8634;2.350945;11:35;1;1;1;1976;4;43
201900038698;1;5;RUE ETIENNE MARCEL;30;10;2019;75;48.8634;2.350945;11:35;1;1;2;1984;0;35
201900038698;1;5;RUE ETIENNE MARCEL;30;10;2019;75;48.8634;2.350945;11:35;1;3;2;1988;1;31
201900038705;1;1;RUE DE BELLEVILLE;30;10;2019;75;48.8733868;2.3826038;08:30;8;1;1;1970;0;49
201900038705;1;1;RUE DE BELLEVILLE;30;10;2019;75;48.8733868;2.3826038;08:30;8;4;1;1973;4;46
201900038707;1;5;BOULEVARD DE LA VILLETTE;1;11;2019;75;48.8797822;2.3704239;13:10;8;4;1;1990;0;29
201900038707;1;5;BOULEVARD DE LA VILLETTE;1;11;2019;75;48.8797822;2.3704239;13:10;8;1;1;1988;5;31
201900038710;1;1;RUE DE LA CHAPELLE;30;10;2019;75;48.8965729;2.359242;15:30;1;1;1;1997;0;22
201900038710;1;1;RUE DE LA CHAPELLE;30;10;2019;75;48.8965729;2.359242;15:30;1;4;2;1962;0;57
201900038711;1;5;RUE LEGENDRE;31;10;2019;75;48.890379;2.3243691;09:30;1;4;2;1979;1;40
201900038711;1;5;RUE LEGENDRE;31;10;2019;75;48.890379;2.3243691;09:30;1;4;2;1979;1;40
201900038738;1;5;RUE DE RIVOLI;2;11;2019;75;48.859089;2.346445;16:55;1;1;1;1990;4;29
201900038738;1;5;RUE DE RIVOLI;2;11;2019;75;48.859089;2.346445;16:55;1;4;2;1970;5;49
201900038756;1;1;AVENUE SECRETAN;2;10;2019;75;48.8824769;2.3703847;21:10;1;4;1;1958;0;61
201900038756;1;1;AVENUE SECRETAN;2;10;2019;75;48.8824769;2.3703847;21:10;1;1;2;1997;9;22
201900039971;1;1;RUE DE LA GLACIERE;11;12;2019;75;48.834168;2.344854;21:57;8;4;1;1993;5;26
201900039971;1;1;RUE DE LA GLACIERE;11;12;2019;75;48.834168;2.344854;21:57;8;1;1;1988;4;31
201900039976;1;1;RUE DU ROCHER;11;12;2019;75;48.878239;2.319837;10:40;8;1;1;1964;4;55
201900039976;1;1;RUE DU ROCHER;11;12;2019;75;48.878239;2.319837;10:40;8;4;1;1982;4;37
201900039980;1;1;BOULEVARD DES INVALIDES;11;12;2019;75;48.854678;2.314847;19:00;1;4;2;1952;0;67
201900039980;1;1;BOULEVARD DES INVALIDES;11;12;2019;75;48.854678;2.314847;19:00;1;1;1;1993;1;26
201900039981;1;1;RUE DES PYRAMIDES;8;12;2019;75;48.864097;2.332362;14:50;1;1;1;1967;1;52
201900039981;1;1;RUE DES PYRAMIDES;8;12;2019;75;48.864097;2.332362;14:50;1;2;1;1964;5;55
201900040770;1;1;RUE RAYNOUARD;1;10;2019;75;48.8537189;2.2774148;12:45;1;1;1;1963;5;56
201900040770;1;1;RUE RAYNOUARD;1;10;2019;75;48.8537189;2.2774148;12:45;1;3;1;1993;0;26
201900040782;1;5;BOULEVARD JOURDAN;30;9;2019;75;48.8217542;2.3325128;07:00;1;4;1;1986;1;33
201900040783;1;1;AVENUE DE SAINT MAURICE;1;10;2019;75;48.8292648;2.4199601;09:30;2;4;2;1975;5;44
201900040783;1;1;AVENUE DE SAINT MAURICE;1;10;2019;75;48.8292648;2.4199601;09:30;2;4;1;1964;1;55
201900040789;1;6;BOULEVARD DE SEBASTOPOL;1;10;2019;75;48.858526;2.348194;07:20;1;1;1;1975;4;44
201900040789;1;6;BOULEVARD DE SEBASTOPOL;1;10;2019;75;48.858526;2.348194;07:20;1;4;1;1981;1;38
201900041869;1;1;RUE D AVRON;10;12;2019;75;48.852998;2.407777;14:00;1;4;2;1956;5;63
201900042380;1;5;BOULEVARD BARBES;5;11;2019;75;48.8854128;2.3495246;17:40;1;1;1;1998;0;21
201900042380;1;5;BOULEVARD BARBES;5;11;2019;75;48.8854128;2.3495246;17:40;1;1;1;1996;0;23
201900042380;1;5;BOULEVARD BARBES;5;11;2019;75;48.8854128;2.3495246;17:40;1;1;1;1982;0;37
201900042380;1;5;BOULEVARD BARBES;5;11;2019;75;48.8854128;2.3495246;17:40;1;3;1;1963;4;56
201900042383;1;1;RUE DES COURONNES;6;11;2019;75;48.872271;2.389356;15:10;1;1;1;1997;5;22
201900042383;1;1;RUE DES COURONNES;6;11;2019;75;48.872271;2.389356;15:10;1;4;2;1928;5;91
201900042393;1;5;RUE LEBOUIS;5;11;2019;75;48.836451;2.32193;15:00;1;4;1;1990;5;29
201900042393;1;5;RUE LEBOUIS;5;11;2019;75;48.836451;2.32193;15:00;1;1;1;1976;4;43
201900042393;1;5;RUE LEBOUIS;5;11;2019;75;48.836451;2.32193;15:00;1;1;1;1985;4;34
201900042394;1;5;BOULEVARD VOLTAIRE;6;11;2019;75;48.8610043;2.3748363;18:05;2;4;2;1962;0;57
201900042394;1;5;BOULEVARD VOLTAIRE;6;11;2019;75;48.8610043;2.3748363;18:05;2;1;1;1997;5;22
201900042632;1;1;RUE DE MONTREUIL;30;9;2019;75;48.8504732;2.384462;19:00;1;4;2;1987;0;32
201900042637;1;5;RUE SAINT MAUR;30;9;2019;75;48.868439;2.374935;11:15;1;4;2;1983;1;36
201900043531;1;5;BOULEVARD VICTOR;10;12;2019;75;48.8355172;2.2801791;09:20;1;4;2;1973;1;46
201900043531;1;5;BOULEVARD VICTOR;10;12;2019;75;48.8355172;2.2801791;09:20;1;1;1;1999;1;20
201900043531;1;5;BOULEVARD VICTOR;10;12;2019;75;48.8355172;2.2801791;09:20;1;4;2;1973;1;46
201900043531;1;5;BOULEVARD VICTOR;10;12;2019;75;48.8355172;2.2801791;09:20;1;1;1;1999;1;20
201900043534;1;6;RUE SAINT LAZARE;10;12;2019;75;48.875867;2.329183;13:01;1;1;1;1966;5;53
201900043534;1;6;RUE SAINT LAZARE;10;12;2019;75;48.875867;2.329183;13:01;1;4;2;1967;4;52
201900043536;1;1;PLACE DE LA CONCORDE;10;12;2019;75;48.8649441;2.3193693;19:15;2;1;1;1988;1;31
201900043536;1;1;PLACE DE LA CONCORDE;10;12;2019;75;48.8649441;2.3193693;19:15;2;4;2;1997;1;22
201900043540;1;1;QUAI DE L HOTEL DE VILLE;10;12;2019;75;48.853645;2.3569073;08:50;1;1;1;1968;9;51
201900043540;1;1;QUAI DE L HOTEL DE VILLE;10;12;2019;75;48.853645;2.3569073;08:50;1;4;1;1958;0;61
201900044714;1;1;VOIE GEORGES POMPIDOU;28;9;2019;75;48.849273;2.276782;18:30;1;4;1;1979;0;40
201900044714;1;1;VOIE GEORGES POMPIDOU;28;9;2019;75;48.849273;2.276782;18:30;1;1;1;1970;0;49
201900044716;1;5;ROUTE DES TRIBUNES;28;9;2019;75;48.863866;2.2366033;12:57;1;4;1;1970;5;49
201900044716;1;5;ROUTE DES TRIBUNES;28;9;2019;75;48.863866;2.2366033;12:57;1;4;1;1963;5;56
201900044716;1;5;ROUTE DES TRIBUNES;28;9;2019;75;48.863866;2.2366033;12:57;1;4;1;1970;5;49
201900044716;1;5;ROUTE DES TRIBUNES;28;9;2019;75;48.863866;2.2366033;12:57;1;4;1;1963;5;56
201900045342;1;5;RUE AUGUSTIN THIERRY;9;12;2019;75;48.8761248;2.3937154;14:20;2;1;1;1959;0;60
201900045342;1;5;RUE AUGUSTIN THIERRY;9;12;2019;75;48.8761248;2.3937154;14:20;2;4;2;1968;0;51
201900045350;1;4;RUE DE L ABBE CARTON;9;12;2019;75;48.8281134;2.3197944;14:10;1;1;2;1946;5;73
201900045350;1;4;RUE DE L ABBE CARTON;9;12;2019;75;48.8281134;2.3197944;14:10;1;4;1;2001;1;18
201900045351;1;5;RUE DU PERE CORENTIN;9;12;2019;75;48.824105;2.32776;08:10;3;1;1;1954;1;65
201900045351;1;5;RUE DU PERE CORENTIN;9;12;2019;75;48.824105;2.32776;08:10;3;4;1;2003;2;16
201900045356;1;1;BOULEVARD DE CLICHY;9;12;2019;75;48.883449;2.3333313;12:50;1;4;2;1996;2;23
201900045359;1;5;RUE DE RIVOLI;9;12;2019;75;48.858234;2.349077;17:05;1;4;2;1946;5;73
201900045359;1;5;RUE DE RIVOLI;9;12;2019;75;48.858234;2.349077;17:05;1;1;1;1995;5;24
201900045488;1;6;AVENUE DE FLANDRE;7;12;2019;75;48.890624;2.37685;23:55;1;1;1;1990;3;29
201900045488;1;6;AVENUE DE FLANDRE;7;12;2019;75;48.890624;2.37685;23:55;1;4;1;1994;0;25
201900045497;1;6;AVENUE MONTAIGNE;7;12;2019;75;48.8677213;2.3076868;12:44;1;4;1;1990;5;29
201900045497;1;6;AVENUE MONTAIGNE;7;12;2019;75;48.8677213;2.3076868;12:44;1;1;1;1948;1;71
201900045499;1;1;PLACE JOFFRE;8;12;2019;75;48.8527256;2.3031753;19:45;1;4;2;2001;1;18
201900045499;1;1;PLACE JOFFRE;8;12;2019;75;48.8527256;2.3031753;19:45;1;1;1;1968;4;51
201900045501;1;1;RUE DU PAS DE LA MULE;8;12;2019;75;48.856058;2.366615;21:45;2;4;1;1990;5;29
201900046168;1;6;BOULEVARD SAINT GERMAIN;4;11;2019;75;48.8527125;2.3377536;10:00;1;4;1;1991;0;28
201900046175;1;5;RUE DE LA CONVENTION;31;10;2019;75;48.8411159;2.2878709;16:15;7;1;1;1984;4;35
201900046175;1;5;RUE DE LA CONVENTION;31;10;2019;75;48.8411159;2.2878709;16:15;7;4;1;1998;5;21
201900046176;1;1;BOULEVARD ARAGO;4;11;2019;75;48.8344667;2.333839;12:10;1;4;1;1991;5;28
201900046176;1;1;BOULEVARD ARAGO;4;11;2019;75;48.8344667;2.333839;12:10;1;1;1;1951;5;68
201900046514;1;1;PLACE DU TROCADERO ET DU 11 NOVEMBRE;27;9;2019;75;48.8625224;2.2872586;13:00;2;1;1;1990;5;29
201900046514;1;1;PLACE DU TROCADERO ET DU 11 NOVEMBRE;27;9;2019;75;48.8625224;2.2872586;13:00;2;4;2;2003;2;16
201900046516;1;6;BOULEVARD RASPAIL;26;9;2019;75;48.8387025;2.330837;09:15;8;4;1;1955;0;64
201900046516;1;6;BOULEVARD RASPAIL;26;9;2019;75;48.8387025;2.330837;09:15;8;4;1;1981;1;38
201900046519;1;5;BOULEVARD PONIATOWSKI;27;9;2019;75;48.832564;2.400133;12:35;1;4;1;1972;0;47
201900046519;1;5;BOULEVARD PONIATOWSKI;27;9;2019;75;48.832564;2.400133;12:35;1;1;1;1991;1;28
201900046526;1;1;RUE CHARLOT;26;9;2019;75;48.8640351;2.3639198;12:35;8;4;1;1979;0;40
201900046526;1;1;RUE CHARLOT;26;9;2019;75;48.8640351;2.3639198;12:35;8;4;1;1979;0;40
201900047235;1;6;RUE DE MENILMONTANT;7;12;2019;75;48.86793;2.386616;04:25;1;1;1;1996;5;23
201900047235;1;6;RUE DE MENILMONTANT;7;12;2019;75;48.86793;2.386616;04:25;1;4;1;1984;5;35
201900047236;1;5;AVENUE DE NEW YORK;7;12;2019;75;48.862554;2.293899;16:15;1;4;2;1966;5;53
201900047236;1;5;AVENUE DE NEW YORK;7;12;2019;75;48.862554;2.293899;16:15;1;4;1;1990;0;29
201900047242;1;1;ROUTE DE LA PYRAMIDE;7;12;2019;75;48.839478;2.437549;15:10;1;4;1;1993;9;26
201900047242;1;1;ROUTE DE LA PYRAMIDE;7;12;2019;75;48.839478;2.437549;15:10;1;1;2;1994;9;25
201900047242;1;1;ROUTE DE LA PYRAMIDE;7;12;2019;75;48.839478;2.437549;15:10;1;4;1;1993;9;26
201900047242;1;1;ROUTE DE LA PYRAMIDE;7;12;2019;75;48.839478;2.437549;15:10;1;1;2;1994;9;25
201900047243;1;1;RUE DU FAUBOURG SAINT ANTOINE;7;12;2019;75;48.849875;2.386061;16:30;8;4;1;2003;0;16
201900047243;1;1;RUE DU FAUBOURG SAINT ANTOINE;7;12;2019;75;48.849875;2.386061;16:30;8;1;1;1997;0;22
201900047246;1;5;RUE SAINT MERRI;7;12;2019;75;48.859021;2.353719;09:35;2;4;2;1981;5;38
201900047963;1;1;RUE DE LA CONVENTION;2;11;2019;75;48.83833;2.29394;15:00;8;4;1;2015;5;4
201900047963;1;1;RUE DE LA CONVENTION;2;11;2019;75;48.83833;2.29394;15:00;8;1;1;1984;4;35
201900047970;1;1;RUE DE ROCHECHOUART;2;11;2019;75;48.88201;2.3465948;10:30;1;4;1;1956;4;63
201900047970;1;1;RUE DE ROCHECHOUART;2;11;2019;75;48.88201;2.3465948;10:30;1;1;1;1980;0;39
201900048341;1;1;PONT DE SULLY;26;9;2019;75;48.849406;2.3567876;10:10;1;4;2;1955;0;64
201900048341;1;1;PONT DE SULLY;26;9;2019;75;48.849406;2.3567876;10:10;1;1;1;1972;0;47
201900048344;1;1;AVENUE DE LAUMIERE;26;9;2019;75;48.884672;2.379837;15:50;8;1;1;1957;9;62
201900048344;1;1;AVENUE DE LAUMIERE;26;9;2019;75;48.884672;2.379837;15:50;8;4;1;2004;0;15
201900048354;1;5;RUE DE CLERY;24;9;2019;75;48.868952;2.349473;12:45;2;4;1;1993;1;26
201900049270;1;1;RUE DE LA REUNION;6;12;2019;75;48.853982;2.402621;13:05;2;1;1;1968;4;51
201900049270;1;1;RUE DE LA REUNION;6;12;2019;75;48.853982;2.402621;13:05;2;4;2;1957;5;62
201900049278;1;5;BOULEVARD JOURDAN;6;12;2019;75;48.820405;2.338811;07:35;8;3;1;1980;1;39
201900049281;1;1;BOULEVARD JULES FERRY;6;12;2019;75;48.868529;2.367167;06:20;1;4;2;1976;1;43
201900049281;1;1;BOULEVARD JULES FERRY;6;12;2019;75;48.868529;2.367167;06:20;1;4;1;1988;1;31
201900049283;1;5;BOULEVARD DE MAGENTA;6;12;2019;75;48.876521;2.355859;10:10;2;4;1;1988;0;31
201900049772;1;1;RUE DE BELLEVILLE;28;10;2019;75;48.8739368;2.3853622;20:10;1;4;1;1991;5;28
201900049773;1;1;RUE MARX DORMOY;29;10;2019;75;48.8868708;2.3596372;09:05;2;1;1;1970;4;49
201900049773;1;1;RUE MARX DORMOY;29;10;2019;75;48.8868708;2.3596372;09:05;2;4;1;2005;5;14
201900049782;1;1;PLACE DE LA CONCORDE;29;10;2019;75;48.8640686;2.3201196;08:00;2;4;1;1968;5;51
201900049782;1;1;PLACE DE LA CONCORDE;29;10;2019;75;48.8640686;2.3201196;08:00;2;1;1;1985;5;34
201900049783;1;1;RUE PASQUIER;28;10;2019;75;48.8715057;2.3231129;21:20;1;4;2;1980;9;39
201900049783;1;1;RUE PASQUIER;28;10;2019;75;48.8715057;2.3231129;21:20;1;1;1;1992;5;27
201900050177;1;5;PLACE AUGUSTE BARON;25;9;2019;75;48.9008494;2.388944;14:25;1;4;2;1950;5;69
201900050177;1;5;PLACE AUGUSTE BARON;25;9;2019;75;48.9008494;2.388944;14:25;1;1;1;1999;4;20
201900050184;1;1;RUE DE REUILLY;24;9;2019;75;48.841673;2.393399;12:18;2;4;2;1998;0;21
201900050191;1;1;BOULEVARD HAUSSMANN;24;9;2019;75;48.8721277;2.3391918;08:50;8;1;1;1970;0;49
201900050191;1;1;BOULEVARD HAUSSMANN;24;9;2019;75;48.8721277;2.3391918;08:50;8;1;2;1991;9;28
201900050191;1;1;BOULEVARD HAUSSMANN;24;9;2019;75;48.8721277;2.3391918;08:50;8;4;1;1995;0;24
201900051126;1;1;PLACE SAINT MICHEL;5;12;2019;75;48.853421;2.344182;20:15;1;4;1;1990;1;29
201900051131;1;1;AVENUE VICTOR HUGO;5;12;2019;75;48.8724919;2.2919798;22:30;5;4;1;1981;1;38
201900051135;1;1;BOULEVARD LEFEBVRE;5;12;2019;75;48.8310141;2.2923485;06:50;8;4;1;1978;0;41
201900051135;1;1;BOULEVARD LEFEBVRE;5;12;2019;75;48.8310141;2.2923485;06:50;8;1;2;1989;5;30
201900051583;1;1;AVENUE GAMBETTA;28;10;2019;75;48.86356;2.390032;08:35;1;4;1;1999;0;20
201900051583;1;1;AVENUE GAMBETTA;28;10;2019;75;48.86356;2.390032;08:35;1;1;1;1984;9;35
201900052038;1;1;RUE DE MENILMONTANT;24;9;2019;75;48.867545;2.385091;11:00;2;4;1;1995;9;24
201900052038;1;1;RUE DE MENILMONTANT;24;9;2019;75;48.867545;2.385091;11:00;2;1;1;1982;4;37
201900052042;1;5;AVENUE DE LA PORTE DE CLIGNANCOURT;24;9;2019;75;48.8993669;2.3441495;07:30;1;4;1;1954;1;65
201900052046;1;1;RUE DE LA CROIX NIVERT;24;9;2019;75;48.846974;2.300203;17:50;2;1;1;1990;4;29
201900052046;1;1;RUE DE LA CROIX NIVERT;24;9;2019;75;48.846974;2.300203;17:50;2;4;1;1979;5;40
201900053381;1;1;RUE SAINT MAUR;24;9;2019;75;48.865639;2.37736;20:35;1;4;1;1993;0;26
201900053383;1;5;BOULEVARD VOLTAIRE;24;9;2019;75;48.864591;2.368798;08:40;2;4;2;1989;1;30
201900053540;1;1;AVENUE PARMENTIER;27;10;2019;75;48.859137;2.379496;15:30;2;4;1;1993;0;26
201900053551;1;1;QUAI DE L HOTEL DE VILLE;27;10;2019;75;48.8553251;2.3527582;01:20;1;1;1;1985;1;34
201900053551;1;1;QUAI DE L HOTEL DE VILLE;27;10;2019;75;48.8553251;2.3527582;01:20;1;4;1;1987;9;32
201900053810;1;1;PLACE DU TROCADERO ET DU 11 NOVEMBRE;26;10;2019;75;48.8625333;2.2868256;16:20;1;4;1;1957;5;62
201900054625;1;1;AVENUE MOZART;30;11;2019;75;48.850508;2.2670711;13:00;1;3;1;1969;5;50
201900054628;1;1;RUE DE LA CONVENTION;4;12;2019;75;48.841102;2.287892;16:50;1;4;1;1988;1;31
201900054628;1;1;RUE DE LA CONVENTION;4;12;2019;75;48.841102;2.287892;16:50;1;1;1;1978;5;41
201900054628;1;1;RUE DE LA CONVENTION;4;12;2019;75;48.841102;2.287892;16:50;1;1;1;1996;5;23
201900054634;1;1;RUE AMELOT;4;12;2019;75;48.85591;2.36918;20:40;1;4;1;1972;0;47
201900054634;1;1;RUE AMELOT;4;12;2019;75;48.85591;2.36918;20:40;1;1;1;1989;0;30
201900054724;1;1;AVENUE D IENA;3;12;2019;75;48.8717439;2.2953808;18:00;1;1;1;1971;4;48
201900054724;1;1;AVENUE D IENA;3;12;2019;75;48.8717439;2.2953808;18:00;1;4;1;1981;4;38
201900054727;1;1;RUE VILLIOT;3;12;2019;75;48.841909;2.375954;08:30;1;4;2;1969;1;50
201900055343;1;1;AVENUE DE VILLIERS;23;9;2019;75;48.8838196;2.3047593;19:45;1;1;1;1951;1;68
201900055343;1;1;AVENUE DE VILLIERS;23;9;2019;75;48.8838196;2.3047593;19:45;1;4;1;1997;1;22
201900055367;1;5;AVENUE D ITALIE;23;9;2019;75;48.8294431;2.3562697;16:10;1;1;1;1960;4;59
201900055367;1;5;AVENUE D ITALIE;23;9;2019;75;48.8294431;2.3562697;16:10;1;1;1;1960;5;59
201900055367;1;5;AVENUE D ITALIE;23;9;2019;75;48.8294431;2.3562697;16:10;1;4;1;1992;5;27
201900055373;1;1;BOULEVARD RICHARD LENOIR;23;9;2019;75;48.8540016;2.3689672;13:30;1;1;1;1991;4;28
201900055373;1;1;BOULEVARD RICHARD LENOIR;23;9;2019;75;48.8540016;2.3689672;13:30;1;4;2;1972;5;47
201900055644;1;5;AVENUE DE L HIPPODROME;19;9;2019;75;48.8622868;2.2383142;08:30;1;4;1;1978;5;41
201900055644;1;5;AVENUE DE L HIPPODROME;19;9;2019;75;48.8622868;2.2383142;08:30;1;1;2;2001;2;18
201900055644;1;5;AVENUE DE L HIPPODROME;19;9;2019;75;48.8622868;2.2383142;08:30;1;4;1;1978;5;41
201900055644;1;5;AVENUE DE L HIPPODROME;19;9;2019;75;48.8622868;2.2383142;08:30;1;1;2;2001;2;18
201900055647;1;1;RUE DES MORILLONS;21;9;2019;75;48.8332625;2.2993017;11:25;1;1;1;1973;5;46
201900055647;1;1;RUE DES MORILLONS;21;9;2019;75;48.8332625;2.2993017;11:25;1;4;2;1926;5;93
201900055648;1;1;RUE DE LA CONVENTION;21;9;2019;75;48.8399731;2.2903582;08:15;1;4;2;1960;5;59
201900055649;1;6;QUAI D AUSTERLITZ;22;9;2019;75;48.8419153;2.3678797;10:16;8;1;1;1943;0;76
201900055649;1;6;QUAI D AUSTERLITZ;22;9;2019;75;48.8419153;2.3678797;10:16;8;4;1;1984;5;35
201900056362;1;5;AVENUE DE L HIPPODROME;2;12;2019;75;48.858211;2.255027;11:30;1;1;1;1963;1;56
201900056362;1;5;AVENUE DE L HIPPODROME;2;12;2019;75;48.858211;2.255027;11:30;1;4;1;1975;1;44
201900056394;1;5;BOULEVARD RICHARD LENOIR;2;12;2019;75;48.864032;2.370751;18:00;1;4;1;1984;0;35
201900056394;1;5;BOULEVARD RICHARD LENOIR;2;12;2019;75;48.864032;2.370751;18:00;1;1;1;1980;5;39
201900056888;1;5;RUE DE PROVENCE;30;11;2019;75;48.874294;2.3332561;15:20;1;4;2;1975;9;44
201900056888;1;5;RUE DE PROVENCE;30;11;2019;75;48.874294;2.3332561;15:20;1;4;1;1999;4;20
201900057268;1;1;RUE DE REUILLY;25;10;2019;75;48.8444986;2.3899318;21:10;1;1;1;1994;4;25
201900057268;1;1;RUE DE REUILLY;25;10;2019;75;48.8444986;2.3899318;21:10;1;4;1;1959;1;60
201900057270;1;1;CARREFOUR DE LA PYRAMIDE;25;10;2019;75;48.8337901;2.4451656;18:05;1;4;1;1978;1;41
201900057278;1;5;AVENUE DAUMESNIL;25;10;2019;75;48.842466;2.385519;08:25;1;1;1;1998;4;21
201900057278;1;5;AVENUE DAUMESNIL;25;10;2019;75;48.842466;2.385519;08:25;1;4;1;1993;1;26
201900057282;1;1;QUAI DE L HOTEL DE VILLE;25;10;2019;75;48.8543721;2.3549423;17:20;8;4;1;1997;0;22
201900057282;1;1;QUAI DE L HOTEL DE VILLE;25;10;2019;75;48.8543721;2.3549423;17:20;8;4;2;1997;0;22
201900057879;1;1;RUE POUCHET;21;9;2019;75;48.894222;2.3205936;12:30;1;4;1;1977;5;42
201900057879;1;1;RUE POUCHET;21;9;2019;75;48.894222;2.3205936;12:30;1;1;1;1984;4;35
201900057924;1;1;PLACE CAMBRONNE;21;9;2019;75;48.8477589;2.301743;17:20;1;1;1;1937;0;82
201900057924;1;1;PLACE CAMBRONNE;21;9;2019;75;48.8477589;2.301743;17:20;1;4;1;1986;0;33
201900057936;1;1;RUE DE L ABBE GROULT;21;9;2019;75;48.8396525;2.296533;17:15;1;1;1;1948;5;71
201900057936;1;1;RUE DE L ABBE GROULT;21;9;2019;75;48.8396525;2.296533;17:15;1;4;1;2002;5;17
201900057969;1;1;AVENUE ALBERT BARTHOLOME;20;9;2019;75;48.8289399;2.2941148;17:35;1;1;2;1985;0;34
201900057969;1;1;AVENUE ALBERT BARTHOLOME;20;9;2019;75;48.8289399;2.2941148;17:35;1;4;1;1948;0;71
201900058015;1;1;PLACE DE LA REPUBLIQUE;21;9;2019;75;48.866726;2.3651507;23:00;1;4;1;1990;5;29
201900058071;1;5;BOULEVARD HENRI IV;20;9;2019;75;48.8501027;2.3589169;23:50;1;4;1;2001;0;18
201900058071;1;5;BOULEVARD HENRI IV;20;9;2019;75;48.8501027;2.3589169;23:50;1;1;1;1987;4;32
201900058778;1;1;AVENUE LEDRU ROLLIN;30;11;2019;75;48.8485984;2.372486;17:25;1;4;1;1986;1;33
201900058778;1;1;AVENUE LEDRU ROLLIN;30;11;2019;75;48.8485984;2.372486;17:25;1;1;1;1980;5;39
201900058782;1;5;RUE SAINT ANTOINE;30;11;2019;75;48.854942;2.361977;14:15;1;4;1;1950;3;69
